MLOGP,C0_mg_L,pH,Temperature_C,Contact_time_min,Dose_g_L,BET_m2_g,qe_mg_g,Predicted_qe_mg_g,Residual_mg_g,Normalized_residual,Leverage,High_leverage,Large_residual,Inside_AD
-2.46,100.0,7.0,20.0,50,0.125,988.0,723.2,461.68448,261.5155212402344,22.520796989206325,0.04860270396429323,False,True,False
1.28,50.0,7.0,25.0,15,0.5,1539.7,95.1,56.397842,38.70215759277343,3.3328937038136437,0.03971474595795161,False,True,False
-2.46,25.0,4.0,30.0,180,0.1,865.06,66.46,212.05017,-145.59017089843752,-12.537713505025867,0.047653701126395706,False,True,False
-2.46,25.0,4.0,30.0,180,0.3,865.06,63.37,56.775105,6.594895477294919,0.5679292055203014,0.046131254802632936,False,False,True
-2.46,25.0,4.0,30.0,180,0.5,865.06,47.94,46.988564,0.9514364624023415,0.0819343621222708,0.04482905291592371,False,False,True
1.28,1.0,7.0,25.0,50,1.0,219.0,0.95,4.486837,-3.5368369102478026,-0.30457995633250357,0.03369751139069202,False,False,True
1.28,20.0,7.0,25.0,50,1.0,219.0,14.51,5.1908526,9.319147357940674,0.802532196809399,0.03235130995353659,False,False,True
-2.46,100.0,6.0,25.0,480,0.8,1157.25,120.63,60.55767,60.07232940673828,5.173217745630849,0.03922706558019251,False,True,False
-2.46,17.5,7.8,26.85,46,0.7,102.02,24.9675,44.387173,-19.41967269897461,-1.6723539175660729,0.046912649434882596,False,False,True
-2.46,78.17,6.0,25.0,90,1.2,264.82,57.27,40.30714,16.962859649658206,1.4607818178999092,0.022418934726153823,False,False,True
-2.46,233.06,6.0,25.0,90,1.2,264.82,86.16,121.520226,-35.36022552490235,-3.045098267063621,0.03246019205648172,False,True,False
-2.46,50.0,3.0,25.0,1440,0.6,247.7,30.56,71.090645,-40.53064483642578,-3.490356594797541,0.03581967268874534,False,True,False
-1.6,50.0,3.0,25.0,1440,0.6,247.7,24.63,72.62485,-47.99484741210938,-4.1331474704445,0.029290160145981403,False,True,False
-2.85,50.0,3.0,25.0,1440,0.6,247.7,25.19,88.70121,-63.51121002197266,-5.469362050330326,0.04020039907871947,False,True,False
-2.46,5.45,3.8,25.0,180,1.0,700.0,5.42,13.436413,-8.016412811279297,-0.6903452791188217,0.03889274830589399,False,False,True
-2.46,14.91,3.8,25.0,180,1.0,700.0,14.78,13.436413,1.3435871887207025,0.11570500355380842,0.03794035637167603,False,False,True
-2.46,31.96,3.8,25.0,180,1.0,700.0,31.4,26.006655,5.393345260620116,0.464455926482258,0.036538289701719864,False,False,True
-2.46,69.54,3.8,25.0,180,1.0,700.0,56.66,43.586422,13.073578033447262,1.1258505629703905,0.03487625749190334,False,False,True
-2.46,98.48,3.8,25.0,180,1.0,700.0,70.45,49.984818,20.46518249511719,1.7623895443521556,0.0349356283328852,False,False,True
