MLOGP,C0_mg_L,pH,Temperature_C,Contact_time_min,Dose_g_L,BET_m2_g,qe_mg_g,Observed_qe_mg_g,Predicted_qe_mg_g,Residual_mg_g
-2.46,5.0,7.0,25,180.0,8.0,1200.0,0.56,0.56,3.469139868685568,-2.909139868685568
-2.08,5.0,6.0,25,1440.0,4.0,64.32,1.125,1.125,1.9337337465220907,-0.8087337465220907
-2.85,5.0,5.5,25,1440.0,2.0,4.3,1.84,1.84,2.7382932884041167,-0.8982932884041166
-2.46,20.0,7.0,25,360.0,8.0,850.0,2.5,2.5,3.8719399041553295,-1.3719399041553295
-2.85,10.0,5.5,25,1440.0,2.0,4.3,3.37,3.37,4.247310673930641,-0.8773106739306407
-2.46,20.0,7.0,25,2880.0,3.5,135.1,3.86285714,3.86285714,4.9221768889408235,-1.0593197489408235
1.28,10.0,6.5,50,75.0,2.5,716.4,3.964,3.964,7.607502918342055,-3.643502918342055
-2.46,35.0,7.0,25,180.0,8.0,1200.0,4.06,4.06,7.766054638320561,-3.7060546383205617
1.28,10.0,3.0,25,720.0,0.75,72.36,4.72,4.72,7.410032823683841,-2.6900328236838416
-2.46,20.0,7.0,25,2880.0,2.5,135.1,4.984,4.984,5.94765116750658,-0.9636511675065798
-2.46,20.0,7.0,25,5760.0,2.5,135.1,5.488,5.488,5.94765116750658,-0.4596511675065793
1.28,10.0,3.0,25,720.0,0.75,154.12,5.58,5.58,7.7269314112456655,-2.1469314112456654
-2.46,20.0,7.0,25,2880.0,1.5,135.1,5.89333333,5.89333333,6.636346085207053,-0.7430127552070527
-2.46,50.0,7.0,25,180.0,8.0,1200.0,6.112,6.112,8.15847538160485,-2.04647538160485
-2.46,20.0,3.0,25,2880.0,2.5,135.1,6.64,6.64,6.6329105384951434,0.0070894615048562315
-2.46,20.0,7.0,45,2880.0,2.5,135.1,6.792,6.792,6.1607696952663416,0.6312303047336583
-2.46,20.0,2.0,25,2880.0,2.5,135.1,7.272,7.272,6.6329105384951434,0.6390894615048568
-2.46,20.0,10.0,25,120.0,2.0,11.86,7.6,7.6,8.540109122211101,-0.9401091222111013
-2.46,50.0,7.0,20,30.0,5.0,77.42,9.72,9.72,13.011036084523795,-3.2910360845237943
1.28,50.0,6.0,25,60.0,5.0,419.8554,9.722,9.722,11.259579133333352,-1.5375791333333524
1.28,10.0,3.0,50,90.0,1.0,121.2,9.92,9.92,10.358281325376383,-0.43828132537638353
-2.46,50.0,7.0,40,30.0,5.0,77.42,9.93,9.93,10.849180511111108,-0.919180511111108
1.28,10.0,3.0,30,90.0,1.0,121.2,9.981,9.981,10.507973409497815,-0.5269734094978151
-2.46,25.0,11.0,25,90.0,1.5,96.9,12.5,12.5,15.919707138023858,-3.419707138023858
1.28,46.91,6.0,25,60.0,3.0,419.8554,15.24,15.24,15.727953455844183,-0.4879534558441829
1.28,50.0,6.0,25,60.0,3.0,419.8554,15.825,15.825,15.506382022510849,0.31861797748915066
1.28,20.0,9.75,25,18.75,1.0,1158.05,17.848,17.848,17.737644736472802,0.11035526352719671
-2.46,100.0,4.0,10,720.0,2.0,34.22,18.24,18.24,27.840036317063493,-9.600036317063495
-2.46,100.0,7.0,20,30.0,5.0,77.42,19.13,19.13,23.634025300396818,-4.504025300396819
1.28,64.03,6.0,25,60.0,3.0,419.8554,19.17,19.17,18.271716412987,0.898283587013001
-2.46,100.0,7.0,40,30.0,5.0,77.42,19.67,19.67,24.283477303174593,-4.613477303174591
1.28,20.0,9.75,25,46.25,1.0,1158.05,19.82,19.82,17.678208103139465,2.1417918968605356
1.28,20.0,5.25,25,46.25,1.0,1158.05,19.912,19.912,16.959762131698756,2.9522378683012427
-2.46,100.0,6.3,30,7200.0,2.4,391.0,20.25,20.25,29.447850539682513,-9.197850539682513
1.28,30.0,7.0,25,90.0,1.0,4.234,21.21,21.21,31.473538099047545,-10.263538099047544
-2.46,25.0,7.0,25,10080.0,0.2,3.9,21.67,21.67,44.475810287337666,-22.805810287337664
1.28,30.0,7.5,25,32.5,1.25,1158.05,23.628,23.628,26.066256902460267,-2.4382569024602674
-2.46,120.0,6.0,25,120.0,5.0,831.23,23.818,23.818,28.2852338769841,-4.4672338769841
-2.46,100.0,4.0,30,720.0,4.0,34.22,24.18,24.18,23.779104846031718,0.4008951539682819
1.28,25.0,7.0,30,90.0,1.0,121.2,24.8,24.8,18.98748267910432,5.8125173208956795
-2.46,25.0,7.0,25,10080.0,0.2,33.69,25.0,25.0,48.086390013131336,-23.086390013131336
1.28,110.25,6.0,25,60.0,3.0,419.8554,25.96,25.96,27.730690752380916,-1.770690752380915
-2.46,150.0,7.0,30,30.0,5.0,77.42,28.44,28.44,31.82661966349207,-3.3866196634920698
-2.46,100.0,4.0,30,720.0,2.0,34.22,28.61,28.61,29.770123363492033,-1.1601233634920334
-2.46,150.0,7.0,40,30.0,5.0,77.42,29.22,29.22,31.11447626825399,-1.8944762682539924
1.28,20.0,9.75,25,18.75,0.5,1158.05,29.248,29.248,37.08007033665222,-7.832070336652219
-2.46,100.0,7.0,25,1440.0,0.5,43.7194,30.6,30.6,102.73517649365075,-72.13517649365076
1.28,30.0,7.5,25,5.0,0.75,1158.05,32.216,32.216,34.398295697460284,-2.182295697460283
-2.46,100.0,4.0,50,720.0,2.0,34.22,32.86,32.86,29.907739296825376,2.9522607031746233
1.28,20.0,5.25,25,18.75,0.5,1158.05,32.94,32.94,41.83904856284274,-8.899048562842744
1.28,30.0,3.0,25,32.5,0.75,1158.05,34.448,34.448,33.78636668936504,0.6616333106349614
1.28,100.0,6.5,28,60.0,2.5,716.4,34.53,34.53,33.06561400714284,1.46438599285716
1.28,30.0,7.5,25,32.5,0.75,1158.05,35.5873,35.5873,34.502831990317425,1.084468009682574
-2.46,200.0,7.0,20,30.0,5.0,77.42,37.0,37.0,35.706462250000016,1.2935377499999845
-2.46,200.0,7.0,30,30.0,5.0,77.42,37.44,37.44,36.211821271428605,1.2281787285713932
-2.46,40.0,7.0,25,420.0,1.0,226.796,38.0,38.0,34.150775036218874,3.8492249637811256
1.28,20.0,9.75,25,46.25,0.5,1158.05,38.208,38.208,39.89642244895384,-1.688422448953844
-2.46,200.0,7.0,40,30.0,5.0,77.42,38.39,38.39,35.600060609523844,2.7899393904761567
1.28,40.0,5.25,25,46.25,1.0,1158.05,38.832,38.832,38.02250084793649,0.8094991520635091
1.28,40.0,9.75,25,46.25,1.0,1158.05,39.004,39.004,38.550078772698406,0.453921227301592
1.28,30.0,7.5,25,60.0,0.75,1158.05,39.648,39.648,36.06642875992062,3.581571240079384
-2.46,50.0,9.0,25,1440.0,0.25,1415.0,40.4,40.4,81.74731913055554,-41.34731913055554
-2.46,100.0,7.0,25,90.0,2.0,96.9,42.1,42.1,36.895932263492,5.2040677365080015
1.28,40.0,9.75,25,18.75,0.5,1158.05,42.472,42.472,46.63578412142856,-4.163784121428556
1.28,20.0,6.5,19,2880.0,0.05,14.5,44.0,44.0,99.23187889826848,-55.23187889826848
1.28,20.0,3.0,19,2880.0,0.05,9.8,45.0,45.0,97.85671163636368,-52.856711636363684
1.28,50.0,3.0,30,90.0,1.0,121.2,47.09,47.09,47.000439001190415,0.08956099880958845
1.28,25.0,7.0,25,46.25,0.5,1158.05,47.835,47.835,47.61952849321068,0.2154715067893207
1.28,40.0,5.25,25,18.75,0.5,1158.05,49.312,49.312,51.845151613095254,-2.5331516130952565
-2.46,100.0,4.0,30,720.0,0.2,34.22,49.58,49.58,102.47368291017321,-52.89368291017321
-2.46,25.0,7.0,25,10080.0,0.2,13.5,50.58,50.58,42.94757214051228,7.63242785948772
1.28,50.0,7.5,25,32.5,0.75,1158.05,51.9,51.9,49.548598292777754,2.3514017072222444
-2.46,50.0,3.0,25,1440.0,0.25,1415.0,52.9,52.9,86.05729453571436,-33.157294535714364
-2.46,300.0,7.0,20,30.0,5.0,77.42,53.15,53.15,69.1683606071429,-16.018360607142903
-2.46,300.0,7.0,30,30.0,5.0,77.42,54.54,54.54,75.21311821428577,-20.673118214285772
1.28,60.0,7.0,25,90.0,1.0,4.234,54.77,54.77,52.424159047618964,2.345840952381039
1.28,40.0,5.25,25,46.25,0.5,1158.05,57.592,57.592,54.54537832896825,3.046621671031751
-2.46,40.0,3.8,25,400.0,0.4,10.124,58.06,58.06,64.96544536190481,-6.90544536190481
-2.46,25.0,5.0,23,50.0,0.4,583.46,61.9125,61.9125,79.37457461488096,-17.462074614880954
-2.46,25.0,5.0,23,30.0,0.4,583.46,62.01875,62.01875,83.7226553803571,-21.7039053803571
-2.46,40.0,3.8,25,400.0,0.4,8.855,65.55,65.55,66.89250676666673,-1.3425067666667303
1.28,70.0,7.0,25,90.0,1.0,4.234,65.82,65.82,54.97752327380943,10.842476726190561
-2.46,400.0,7.0,20,30.0,5.0,77.42,69.02,69.02,73.65477173412691,-4.634771734126915
1.28,20.0,5.5,22,60.0,0.25,990.0,69.48,69.48,81.62669811547627,-12.14669811547627
1.28,30.0,7.5,25,32.5,0.25,1158.05,72.156,72.156,79.09282684563483,-6.936826845634826
-2.46,400.0,7.0,40,30.0,5.0,77.42,74.08,74.08,77.17864426190474,-3.098644261904738
1.28,30.0,5.5,22,60.0,0.25,990.0,75.51,75.51,83.38026055317468,-7.870260553174674
-2.46,40.0,3.8,25,400.0,0.4,18.708,76.74,76.74,72.21560785119054,4.524392148809454
1.28,50.0,7.0,25,25.0,0.6,14.0,77.5,77.5,84.79727101493496,-7.297271014934964
1.28,2.0,5.7,30,20.0,0.02,61.083426,78.82,78.82,174.4685464851734,-95.6485464851734
-2.46,50.0,6.0,30,60.0,0.6,172.9,81.34,81.34,96.47246694350646,-15.132466943506458
-2.46,25.0,7.0,25,10080.0,0.2,139.89,81.97,81.97,66.73014757543287,15.239852424567133
-2.46,500.0,7.0,20,30.0,5.0,77.42,83.23,83.23,85.68408674999988,-2.454086749999874
-2.46,25.0,7.0,25,10080.0,0.2,257.5,84.55,84.55,71.61810093852812,12.931899061471881
-2.46,40.0,3.8,55,400.0,0.4,18.708,85.62,85.62,80.42891805357151,5.191081946428497
-2.46,500.0,7.0,30,30.0,5.0,77.42,87.38,87.38,90.73521965873012,-3.355219658730121
-2.46,500.0,7.0,40,30.0,5.0,77.42,91.62,91.62,89.07415713492054,2.5458428650794644
-2.46,100.0,7.0,25,90.0,0.2,96.9,92.5,92.5,126.7278960353717,-34.2278960353717
1.28,40.0,5.5,22,60.0,0.25,990.0,93.49,93.49,90.0445289067461,3.4454710932539
1.28,20.0,5.4,30,120.0,0.2,625.6,93.7965,93.7965,83.58813959960105,10.208360400398945
-2.46,600.0,7.0,20,30.0,5.0,77.42,95.9,95.9,90.49679748015859,5.403202519841415
-2.46,600.0,7.0,30,30.0,5.0,77.42,97.49,97.49,96.15119638888875,1.3388036111112456
-2.46,600.0,7.0,40,30.0,5.0,77.42,103.38,103.38,94.51020653174587,8.86979346825413
-2.46,100.0,3.8,25,400.0,0.4,18.708,111.52,111.52,120.87474588239554,-9.354745882395548
-2.46,50.0,5.0,23,40.0,0.4,583.46,123.3125,123.3125,157.64522339444454,-34.33272339444454
-2.46,300.0,10.0,25,2880.0,2.0,831.23,135.3,135.3,115.3443911190474,19.95560888095261
-2.46,300.0,2.0,25,2880.0,2.0,831.23,149.4,149.4,115.45863985238073,33.94136014761928
-2.46,100.0,7.0,25,1440.0,0.5,112.5486,154.16,154.16,120.19585805674606,33.964141943253935
1.28,20.0,3.0,19,2880.0,0.05,188.2,158.0,158.0,176.69327201587294,-18.693272015872935
-2.46,100.0,7.0,25,2160.0,0.4,8.9,161.94,161.94,162.93698989484133,-0.9969898948413345
1.28,20.0,3.0,19,2880.0,0.05,202.0,169.0,169.0,178.2530243492063,-9.2530243492063
1.28,20.0,6.5,19,2880.0,0.05,188.2,170.0,170.0,185.3565838253968,-15.356583825396797
-2.46,75.0,5.0,23,50.0,0.4,583.46,175.40625,175.40625,205.42470435019837,-30.01845435019837
-2.46,20.0,6.0,20,4320.0,0.1,959.9,178.69,178.69,232.91610139899012,-54.226101398990124
-2.46,100.0,7.0,35,2160.0,0.4,8.9,181.5,181.5,178.80886004960325,2.691139950396746
1.28,20.0,3.0,19,2880.0,0.05,90.0,188.0,188.0,193.7280876587301,-5.7280876587300895
1.28,20.0,6.5,19,2880.0,0.05,202.0,194.0,194.0,187.11934734920644,6.880652650793564
-2.85,100.0,5.0,25,60.0,0.5,360.4,196.8,196.8,164.2420275628969,32.5579724371031
-2.46,50.0,5.0,23,50.0,0.25,583.46,197.32,197.32,175.0606505021827,22.259349497817283
-2.46,120.0,6.0,25,360.0,0.6,1365.79,197.39,197.39,193.79759035416666,3.592409645833328
-2.46,50.0,5.0,23,40.0,0.25,583.46,197.98,197.98,189.96502294265892,8.01497705734107
1.28,20.0,3.0,19,2880.0,0.05,43.8,204.0,204.0,131.05182451731608,72.94817548268392
1.28,20.0,6.5,19,2880.0,0.05,979.0,207.0,207.0,222.09870135137106,-15.098701351371062
1.28,20.0,6.5,19,2880.0,0.05,90.0,208.0,208.0,201.89066701587308,6.109332984126922
1.28,20.0,3.0,19,2880.0,0.05,979.0,216.0,216.0,221.1950035656567,-5.195003565656691
1.28,20.0,6.5,19,2880.0,0.05,941.5,218.0,218.0,231.25808724603172,-13.258087246031721
1.28,20.0,3.0,19,2880.0,0.05,87.7,230.0,230.0,205.35201175396824,24.64798824603176
-2.46,150.0,6.0,25,360.0,0.6,1365.79,232.21,232.21,229.33758784523815,2.872412154761861
-2.46,100.0,7.0,55,2160.0,0.4,8.9,240.0,240.0,179.3249147162699,60.67508528373011
1.28,20.0,3.0,19,2880.0,0.05,987.3,243.0,243.0,242.67329126984131,0.3267087301586855
-2.46,25.0,5.0,23,50.0,0.1,583.46,247.175,247.175,293.429520872222,-46.254520872221974
1.28,20.0,6.5,19,2880.0,0.05,87.7,248.0,248.0,211.3986885396826,36.60131146031739
1.28,20.0,6.5,19,2880.0,0.05,957.2,256.0,256.0,237.09282900793636,18.90717099206364
1.28,20.0,3.0,19,2880.0,0.05,957.2,257.0,257.0,236.5361085079364,20.463891492063595
1.28,20.0,6.5,19,2880.0,0.05,987.3,269.0,269.0,243.3195148412699,25.680485158730107
-2.46,75.0,5.0,23,40.0,0.25,583.46,271.71,271.71,267.1286446686506,4.581355331349357
1.28,50.0,6.0,25,1440.0,0.1,2804.9,299.5,299.5,344.86398268452444,-45.363982684524444
1.28,50.0,6.0,25,1440.0,0.1,2515.8,308.5,308.5,344.86398268452444,-36.363982684524444
-2.46,50.0,5.0,23,40.0,0.1,583.46,450.55,450.55,459.42801477842755,-8.878014778427541
-2.46,150.0,5.0,23,40.0,0.25,583.46,512.06,512.06,307.5300169394841,204.52998306051586
-2.46,50.0,5.0,23,120.0,0.05,583.46,543.88,543.88,441.8419713010465,102.0380286989535
-2.46,75.0,5.0,23,30.0,0.1,583.46,578.325,578.325,535.1479762950952,43.177023704904855
-2.46,75.0,5.0,23,50.0,0.1,583.46,675.825,675.825,527.0365525510475,148.78844744895252
