MLOGP;C0_mg_L;pH;Temperature_C;Contact_time_min;Dose_g_L;BET_m2_g;qe_mg_g
-2.46;5;7;25;180;8;1200;0.56
-2.08;5;6;25;1440;4;64.32;1.125
-2.46;15;7;25;180;8;1200;1.779
-2.85;5;5.5;25;1440;2;4.3;1.84
-2.46;20;7;25;360;8;850;2.5
-2.46;25;7;25;180;8;1200;3.087
-2.85;10;5.5;25;1440;2;4.3;3.37
-2.46;20;7;25;2880;3.5;135.1;3.86285714
1.28;10;6.5;28;60;2.5;716.4;3.95
1.28;10;6.5;50;75;2.5;716.4;3.964
-2.46;35;7;25;180;8;1200;4.06
-2.46;5;3;25;30;1;85.65;4.65
1.28;10;3;25;720;0.75;72.36;4.72
-2.46;20;7;25;2880;2.5;135.1;4.984
-2.46;30;7;25;2880;2.5;135.1;5.304
-2.46;20;7;25;5760;2.5;135.1;5.488
1.28;10;3;25;720;0.75;154.12;5.58
1.28;20;6;30;60;3;2.55;5.72
-2.46;20;7;25;2880;1.5;135.1;5.89333333
-2.46;50;7;25;180;8;1200;6.112
-2.46;60;7;25;2880;2.5;135.1;6.624
-2.46;20;3;25;2880;2.5;135.1;6.64
-2.46;20;7;45;2880;2.5;135.1;6.792
-2.85;25;5.5;25;1440;2;4.3;7.09
-2.46;20;2;25;2880;2.5;135.1;7.272
-2.46;20;10;25;120;2;11.86;7.6
1.28;25;6.5;28;60;2.5;716.4;9.63
-2.46;50;7;20;30;5;77.42;9.72
1.28;50;6;25;60;5;419.8554;9.722
-2.46;50;7;30;30;5;77.42;9.81
1.28;10;3;50;90;1;121.2;9.92
-2.46;50;7;40;30;5;77.42;9.93
-2.46;10;7;25;90;1;96.9;9.97
1.28;10;3;30;90;1;121.2;9.981
-2.46;25;11;25;90;1.5;96.9;12.5
1.28;10;7.5;25;32.5;0.75;1158.05;13.276
1.28;46.91;6;25;60;3;419.8554;15.24
1.28;50;6;25;60;3;419.8554;15.825
1.28;25;7;30;90;1.5;121.2;16.5
1.28;20;9.75;25;18.75;1;1158.05;17.848
-2.46;100;4;10;720;2;34.22;18.24
1.28;50;6.5;28;60;2.5;716.4;18.27
-2.46;100;7;20;30;5;77.42;19.13
1.28;64.03;6;25;60;3;419.8554;19.17
-2.46;100;7;30;30;5;77.42;19.44
-2.46;100;7;40;30;5;77.42;19.67
1.28;20;9.75;25;46.25;1;1158.05;19.82
1.28;20;5.25;25;18.75;1;1158.05;19.85
1.28;20;5.25;25;46.25;1;1158.05;19.912
-2.46;100;6.3;30;7200;2.4;391;20.25
1.28;20;5.4;30;120;0.2;1002.1;20.8354
1.28;30;7;25;90;1;4.234;21.21
-2.46;25;7;25;10080;0.2;3.9;21.67
1.28;25;7;25;46.25;0.5;565.095;22.505
1.28;30;7.5;25;32.5;1.25;1158.05;23.628
-2.46;120;6;25;120;5;831.23;23.818
-2.46;120;6;45;20;5;831.23;23.999
-2.46;100;4;30;720;4;34.22;24.18
1.28;25;7;30;90;1;121.2;24.8
1.28;25;3;30;90;1;121.2;24.82
-2.46;25;7;25;10080;0.2;33.69;25
1.28;110.25;6;25;60;3;419.8554;25.96
-2.46;150;7;20;30;5;77.42;28.29
-2.46;150;7;30;30;5;77.42;28.44
-2.46;100;4;30;720;2;34.22;28.61
-2.46;25;7;25;10080;0.2;211.56;28.64
-2.46;150;7;40;30;5;77.42;29.22
1.28;20;9.75;25;18.75;0.5;1158.05;29.248
1.28;30;12;25;32.5;0.75;1158.05;30.264
-2.46;100;7;25;1440;0.5;43.7194;30.6
1.28;30;7.5;25;5;0.75;1158.05;32.216
1.28;40;7;25;90;1;4.234;32.42
-2.46;100;4;50;720;2;34.22;32.86
1.28;20;5.25;25;18.75;0.5;1158.05;32.94
1.28;40;9.75;25;18.75;1;1158.05;33.404
1.28;30;3;25;32.5;0.75;1158.05;34.448
1.28;100;6.5;28;60;2.5;716.4;34.53
-2.46;40;3;25;420;1;226.796;35.32
1.28;30;7.5;25;32.5;0.75;1158.05;35.5873
-2.46;200;7;20;30;5;77.42;37
-2.46;40;7;25;90;1;96.9;37.1
-2.46;200;7;30;30;5;77.42;37.44
-2.46;40;7;25;420;1;226.796;38
1.28;20;5.25;25;46.25;0.5;1158.05;38.044
1.28;20;9.75;25;46.25;0.5;1158.05;38.208
-2.46;200;7;40;30;5;77.42;38.39
1.28;20;7.5;25;46.257;0.5;1158.05;38.4453
1.28;40;5.25;25;46.25;1;1158.05;38.832
1.28;40;9.75;25;46.25;1;1158.05;39.004
1.28;40;5.25;25;18.75;1;1158.05;39.276
1.28;30;7.5;25;60;0.75;1158.05;39.648
-2.46;50;9;25;1440;0.25;1415;40.4
-2.46;25;6;30;60;0.6;172.9;41.55
-2.46;100;7;25;90;2;96.9;42.1
1.28;40;9.75;25;18.75;0.5;1158.05;42.472
1.28;120;4;35;1440;0.8;10.595;42.96
1.28;20;6.5;19;2880;0.05;14.5;44
1.28;20;3;19;2880;0.05;9.8;45
1.28;20;6.5;19;2880;0.05;9.8;46
1.28;50;3;30;90;1;121.2;47.09
1.28;25;7;25;46.25;0.5;1158.05;47.835
1.28;20;3;19;2880;0.05;14.5;48
1.28;40;5.25;25;18.75;0.5;1158.05;49.312
-2.46;100;4;30;720;0.2;34.22;49.58
1.28;20;6;30;100;0.3;643.97;50.12
-2.46;25;7;25;10080;0.2;13.5;50.58
1.28;50;7.5;25;32.5;0.75;1158.05;51.9
-2.46;40;3.8;25;400;0.4;10.832;52.31
-2.46;50;3;25;1440;0.25;1415;52.9
-2.46;300;7;20;30;5;77.42;53.15
-2.46;60;7;25;90;1;96.9;53.4
-2.46;300;7;30;30;5;77.42;54.54
1.28;60;7;25;90;1;4.234;54.77
-2.46;300;7;40;30;5;77.42;56.53
1.28;40;5.25;25;46.25;0.5;1158.05;57.592
-2.46;40;3.8;25;400;0.4;10.124;58.06
1.28;40;9.75;25;46.25;0.5;1158.05;60.968
-2.46;25;5;23;50;0.4;583.46;61.9125
-2.46;25;5;23;30;0.4;583.46;62.01875
-2.46;30;3.8;25;400;0.4;18.708;65.47
-2.46;40;3.8;25;400;0.4;8.855;65.55
1.28;70;7;25;90;1;4.234;65.82
-2.46;40;3.8;25;400;0.4;7.501;68.48
-2.46;400;7;20;30;5;77.42;69.02
1.28;20;5.5;22;60;0.25;990;69.48
-2.46;400;7;30;30;5;77.42;71.28
1.28;30;7.5;25;32.5;0.25;1158.05;72.156
-2.46;400;7;40;30;5;77.42;74.08
-2.46;50;9;25;1440;0.25;1581;74.9
1.28;30;5.5;22;60;0.25;990;75.51
-2.46;40;3.8;25;400;0.4;18.708;76.74
1.28;25;5.5;22;60;0.25;990;77.15
1.28;50;7;25;25;0.6;14;77.5
1.28;2;5.7;30;20;0.02;61.083426;78.82
-2.46;300;12;25;2880;2;831.23;79.25
-2.46;50;6;30;60;0.6;172.9;81.34
-2.46;25;7;25;10080;0.2;139.89;81.97
-2.46;100;7;25;90;1;96.9;83.1
-2.46;500;7;20;30;5;77.42;83.23
-2.46;25;7;25;10080;0.2;257.5;84.55
1.28;100;3;30;90;1;121.2;84.72
-2.46;40;3.8;55;400;0.4;18.708;85.62
-2.46;500;7;30;30;5;77.42;87.38
-2.46;50;3;25;1440;0.25;1581;90.1
-2.46;500;7;40;30;5;77.42;91.62
-2.46;100;7;25;90;0.2;96.9;92.5
1.28;25;7;30;90;0.1;121.2;93.1
1.28;40;5.5;22;60;0.25;990;93.49
1.28;20;5.4;30;120;0.2;625.6;93.7965
1.28;100;7;25;30;1;2.361;94.94
-2.46;600;7;20;30;5;77.42;95.9
-2.46;600;7;30;30;5;77.42;97.49
-2.46;25;5;23;40;0.25;583.46;99.4
-2.46;600;7;40;30;5;77.42;103.38
-2.46;100;3.8;25;400;0.4;18.708;111.52
-2.46;75;6;30;60;0.6;172.9;119.1
-2.46;50;5;23;40;0.4;583.46;123.3125
-2.46;300;10;25;2880;2;831.23;135.3
-2.46;75;5;23;30;0.4;583.46;146.49375
-2.46;300;2;25;2880;2;831.23;149.4
-2.46;100;7;25;1440;0.5;112.5486;154.16
-2.46;100;6;30;60;0.6;172.9;155.1
1.28;20;3;19;2880;0.05;188.2;158
-2.46;100;7;25;2160;0.4;8.9;161.94
1.28;50;7;25;30;0.3;2.361;163.733
1.28;20;3;19;2880;0.05;202;169
1.28;20;6.5;19;2880;0.05;188.2;170
-2.46;100;6;20;4320;0.1;959.9;171.51
-2.46;75;5;23;50;0.4;583.46;175.40625
-2.46;20;6;20;4320;0.1;959.9;178.69
-2.46;50;5;23;30;0.25;583.46;178.9
-2.46;100;7;35;2160;0.4;8.9;181.5
1.28;20;3;19;2880;0.05;90;188
1.28;20;3;19;2880;0.05;41.9;193
1.28;20;6.5;19;2880;0.05;202;194
-2.85;100;5;25;60;0.5;360.4;196.8
1.28;20;3;19;2880;0.05;941.5;197
-2.46;50;5;23;50;0.25;583.46;197.32
-2.46;120;6;25;360;0.6;1365.79;197.39
-2.46;50;5;23;120;0.25;583.46;197.95
-2.46;50;5;23;40;0.25;583.46;197.98
1.28;20;3;19;2880;0.05;43.8;204
-2.46;100;7;45;2160;0.4;8.9;205.37
1.28;20;6.5;19;2880;0.05;979;207
1.28;20;6.5;19;2880;0.05;90;208
1.28;20;6.5;19;2880;0.05;41.9;214
1.28;20;3;19;2880;0.05;979;216
1.28;20;6.5;19;2880;0.05;941.5;218
1.28;20;6.5;19;2880;0.05;43.8;224
1.28;20;3;19;2880;0.05;87.7;230
-2.46;150;6;25;360;0.6;1365.79;232.21
1.28;20;3;19;2880;0.05;99.2;238
-2.46;100;7;55;2160;0.4;8.9;240
1.28;20;3;19;2880;0.05;987.3;243
-2.46;25;5;23;30;0.1;583.46;245.125
-2.46;25;5;23;50;0.1;583.46;247.175
1.28;20;6.5;19;2880;0.05;87.7;248
1.28;20;3;19;2880;0.05;110.2;253
1.28;20;6.5;19;2880;0.05;957.2;256
1.28;20;3;19;2880;0.05;957.2;257
1.28;20;6.5;19;2880;0.05;99.2;263
1.28;20;6.5;19;2880;0.05;987.3;269
-2.46;75;5;23;40;0.25;583.46;271.71
1.28;20;6.5;19;2880;0.05;110.2;283
1.28;50;6;25;1440;0.1;2804.9;299.5
1.28;50;6;25;1440;0.1;2515.8;308.5
-2.46;200;7;25;2880;0.5;807.3;386.4
-2.46;50;5;23;40;0.1;583.46;450.55
-2.46;150;5;23;40;0.25;583.46;512.06
1.28;120;8;30;1440;0.1;1545.4;522.2
-2.46;50;5;23;120;0.05;583.46;543.88
-2.46;75;5;23;30;0.1;583.46;578.325
-2.46;75;5;23;50;0.1;583.46;675.825
